driver_id,driver_ref,number,code,name,dob,nationality,data_source,ingestion_date
1,abate,999,CODE,Carlo Abate,1932-07-10,Italian,dev,2024-05-29
2,abecassis,999,CODE,George Abecassis,1913-03-21,British,dev,2024-05-29
3,acheson,999,CODE,Kenny Acheson,1957-11-27,British,dev,2024-05-29
4,adams,999,CODE,Philippe Adams,1969-11-19,Belgian,dev,2024-05-29
5,ader,999,CODE,Walt Ader,1913-12-15,American,dev,2024-05-29
6,adolff,999,CODE,Kurt Adolff,1921-11-05,German,dev,2024-05-29
7,agabashian,999,CODE,Fred Agabashian,1913-08-21,American,dev,2024-05-29
8,ahrens,999,CODE,Kurt Ahrens,1940-04-19,German,dev,2024-05-29
9,aitken,999,CODE,Jack Aitken,1995-09-23,British,dev,2024-05-29
10,albers,999,CODE,Christijan Albers,1979-04-16,Dutch,dev,2024-05-29
11,albon,999,CODE,Alexander Albon,1996-03-23,Thai,dev,2024-05-29
12,alboreto,999,CODE,Michele Alboreto,1956-12-23,Italian,dev,2024-05-29
13,alesi,999,CODE,Jean Alesi,1964-06-11,French,dev,2024-05-29
14,alguersuari,999,CODE,Jaime Alguersuari,1990-03-23,Spanish,dev,2024-05-29
15,alliot,999,CODE,Philippe Alliot,1954-07-27,French,dev,2024-05-29
16,allison,999,CODE,Cliff Allison,1932-02-08,British,dev,2024-05-29
17,alonso,999,CODE,Fernando Alonso,1981-07-29,Spanish,dev,2024-05-29
18,amati,999,CODE,Giovanna Amati,1959-07-20,Italian,dev,2024-05-29
19,amick,999,CODE,Red Amick,1929-01-19,American,dev,2024-05-29
20,george_amick,999,CODE,George Amick,1924-10-24,American,dev,2024-05-29
21,amon,999,CODE,Chris Amon,1943-07-20,New Zealander,dev,2024-05-29
22,anderson,999,CODE,Bob Anderson,1931-05-19,British,dev,2024-05-29
23,andersson,999,CODE,Conny Andersson,1939-12-28,Swedish,dev,2024-05-29
24,andretti,999,CODE,Michael Andretti,1962-10-05,American,dev,2024-05-29
25,mario_andretti,999,CODE,Mario Andretti,1940-02-28,American,dev,2024-05-29
26,andrews,999,CODE,Keith Andrews,1920-06-15,American,dev,2024-05-29
27,apicella,999,CODE,Marco Apicella,1965-10-07,Italian,dev,2024-05-29
28,armi,999,CODE,Frank Armi,1918-10-12,American,dev,2024-05-29
29,arnold,999,CODE,Chuck Arnold,1926-05-30,American,dev,2024-05-29
30,arnoux,999,CODE,René Arnoux,1948-07-04,French,dev,2024-05-29
31,arundell,999,CODE,Peter Arundell,1933-11-08,British,dev,2024-05-29
32,ascari,999,CODE,Alberto Ascari,1918-07-13,Italian,dev,2024-05-29
33,ashdown,999,CODE,Peter Ashdown,1934-10-16,British,dev,2024-05-29
34,ashley,999,CODE,Ian Ashley,1947-10-26,British,dev,2024-05-29
35,ashmore,999,CODE,Gerry Ashmore,1936-07-25,British,dev,2024-05-29
36,aston,999,CODE,Bill Aston,1900-03-29,British,dev,2024-05-29
37,attwood,999,CODE,Richard Attwood,1940-04-04,British,dev,2024-05-29
38,ayulo,999,CODE,Manny Ayulo,1921-10-20,American,dev,2024-05-29
39,badoer,999,CODE,Luca Badoer,1971-01-25,Italian,dev,2024-05-29
40,baghetti,999,CODE,Giancarlo Baghetti,1934-12-25,Italian,dev,2024-05-29
41,bailey,999,CODE,Julian Bailey,1961-10-09,British,dev,2024-05-29
42,baldi,999,CODE,Mauro Baldi,1954-01-31,Italian,dev,2024-05-29
43,ball,999,CODE,Bobby Ball,1925-08-26,American,dev,2024-05-29
44,balsa,999,CODE,Marcel Balsa,1909-01-01,French,dev,2024-05-29
45,bandini,999,CODE,Lorenzo Bandini,1935-12-21,Italian,dev,2024-05-29
46,banks,999,CODE,Henry Banks,1913-06-14,American,dev,2024-05-29
47,barbazza,999,CODE,Fabrizio Barbazza,1963-04-02,Italian,dev,2024-05-29
48,barber,999,CODE,Skip Barber,1936-11-16,American,dev,2024-05-29
49,john_barber,999,CODE,John Barber,1929-07-22,British,dev,2024-05-29
50,barilla,999,CODE,Paolo Barilla,1961-04-20,Italian,dev,2024-05-29
51,barrichello,999,CODE,Rubens Barrichello,1972-05-23,Brazilian,dev,2024-05-29
52,bartels,999,CODE,Michael Bartels,1968-03-08,German,dev,2024-05-29
53,barth,999,CODE,Edgar Barth,1917-01-26,German,dev,2024-05-29
54,bassi,999,CODE,Giorgio Bassi,1934-01-20,Italian,dev,2024-05-29
55,bauer,999,CODE,Erwin Bauer,1912-07-17,German,dev,2024-05-29
56,baumgartner,999,CODE,Zsolt Baumgartner,1981-01-01,Hungarian,dev,2024-05-29
57,bayol,999,CODE,Élie Bayol,1914-02-28,French,dev,2024-05-29
58,bearman,999,CODE,Oliver Bearman,2005-05-08,British,dev,2024-05-29
59,beauman,999,CODE,Don Beauman,1928-07-26,British,dev,2024-05-29
60,bechem,999,CODE,Günther Bechem,1921-12-21,German,dev,2024-05-29
61,behra,999,CODE,Jean Behra,1921-02-16,French,dev,2024-05-29
62,bell,999,CODE,Derek Bell,1941-10-31,British,dev,2024-05-29
63,bellof,999,CODE,Stefan Bellof,1957-11-20,German,dev,2024-05-29
64,belmondo,999,CODE,Paul Belmondo,1963-04-23,French,dev,2024-05-29
65,belso,999,CODE,Tom Belsø,1942-08-27,Danish,dev,2024-05-29
66,beltoise,999,CODE,Jean-Pierre Beltoise,1937-04-26,French,dev,2024-05-29
67,beretta,999,CODE,Olivier Beretta,1969-11-23,Monegasque,dev,2024-05-29
68,berg,999,CODE,Allen Berg,1961-08-01,Canadian,dev,2024-05-29
69,berger,999,CODE,Gerhard Berger,1959-08-27,Austrian,dev,2024-05-29
70,georges_berger,999,CODE,Georges Berger,1918-09-14,Belgian,dev,2024-05-29
71,bernard,999,CODE,Éric Bernard,1964-08-24,French,dev,2024-05-29
72,bernoldi,999,CODE,Enrique Bernoldi,1978-10-19,Brazilian,dev,2024-05-29
73,bertaggia,999,CODE,Enrico Bertaggia,1964-09-19,Italian,dev,2024-05-29
74,bettenhausen,999,CODE,Tony Bettenhausen,1916-09-12,American,dev,2024-05-29
75,beuttler,999,CODE,Mike Beuttler,1940-04-13,British,dev,2024-05-29
76,bianchi,999,CODE,Lucien Bianchi,1934-11-10,Belgian,dev,2024-05-29
77,jules_bianchi,999,CODE,Jules Bianchi,1989-08-03,French,dev,2024-05-29
78,bianco,999,CODE,Gino Bianco,1916-07-22,Brazilian,dev,2024-05-29
79,binder,999,CODE,Hans Binder,1948-06-12,Austrian,dev,2024-05-29
80,biondetti,999,CODE,Clemente Biondetti,1898-08-18,Italian,dev,2024-05-29
81,bira,999,CODE,Prince Bira,1914-07-15,Thai,dev,2024-05-29
82,birger,999,CODE,Pablo Birger,1924-01-07,Argentine,dev,2024-05-29
83,bisch,999,CODE,Art Bisch,1926-11-10,American,dev,2024-05-29
84,blanchard,999,CODE,Harry Blanchard,1929-06-13,American,dev,2024-05-29
85,bleekemolen,999,CODE,Michael Bleekemolen,1949-10-02,Dutch,dev,2024-05-29
86,blignaut,999,CODE,Alex Blignaut,1932-11-30,South African,dev,2024-05-29
87,blokdyk,999,CODE,Trevor Blokdyk,1935-11-30,South African,dev,2024-05-29
88,blundell,999,CODE,Mark Blundell,1966-04-08,British,dev,2024-05-29
89,boesel,999,CODE,Raul Boesel,1957-12-04,Brazilian,dev,2024-05-29
90,boffa,999,CODE,Menato Boffa,1930-01-04,Italian,dev,2024-05-29
91,bondurant,999,CODE,Bob Bondurant,1933-04-27,American,dev,2024-05-29
92,bonetto,999,CODE,Felice Bonetto,1903-06-09,Italian,dev,2024-05-29
93,bonnier,999,CODE,Jo Bonnier,1930-01-31,Swedish,dev,2024-05-29
94,bonomi,999,CODE,Roberto Bonomi,1919-09-30,Argentine,dev,2024-05-29
95,bordeu,999,CODE,Juan Manuel Bordeu,1934-01-28,Argentine,dev,2024-05-29
96,borgudd,999,CODE,Slim Borgudd,1946-11-25,Swedish,dev,2024-05-29
97,botha,999,CODE,Luki Botha,1930-01-16,South African,dev,2024-05-29
98,bottas,999,CODE,Valtteri Bottas,1989-08-28,Finnish,dev,2024-05-29
99,boullion,999,CODE,Jean-Christophe Boullion,1969-12-27,French,dev,2024-05-29
100,bourdais,999,CODE,Sébastien Bourdais,1979-02-28,French,dev,2024-05-29
101,boutsen,999,CODE,Thierry Boutsen,1957-07-13,Belgian,dev,2024-05-29
102,boyd,999,CODE,Johnny Boyd,1926-08-19,American,dev,2024-05-29
103,brabham,999,CODE,David Brabham,1965-09-05,Australian,dev,2024-05-29
104,gary_brabham,999,CODE,Gary Brabham,1961-03-29,Australian,dev,2024-05-29
105,jack_brabham,999,CODE,Jack Brabham,1926-04-02,Australian,dev,2024-05-29
106,brack,999,CODE,Bill Brack,1935-12-26,Canadian,dev,2024-05-29
107,brambilla,999,CODE,Vittorio Brambilla,1937-11-11,Italian,dev,2024-05-29
108,ernesto_brambilla,999,CODE,Ernesto Brambilla,1934-01-31,Italian,dev,2024-05-29
109,branca,999,CODE,Toni Branca,1916-09-15,Swiss,dev,2024-05-29
110,brancatelli,999,CODE,Gianfranco Brancatelli,1950-01-18,Italian,dev,2024-05-29
111,brandon,999,CODE,Eric Brandon,1920-07-18,British,dev,2024-05-29
112,branson,999,CODE,Don Branson,1920-06-02,American,dev,2024-05-29
113,bridger,999,CODE,Tom Bridger,1934-06-24,British,dev,2024-05-29
114,brise,999,CODE,Tony Brise,1952-03-28,British,dev,2024-05-29
115,bristow,999,CODE,Chris Bristow,1937-12-02,British,dev,2024-05-29
116,broeker,999,CODE,Peter Broeker,1926-05-15,Canadian,dev,2024-05-29
117,brooks,999,CODE,Tony Brooks,1932-02-25,British,dev,2024-05-29
118,alan_brown,999,CODE,Alan Brown,1919-11-20,British,dev,2024-05-29
119,walt_brown,999,CODE,Walt Brown,1911-12-30,American,dev,2024-05-29
120,brown,999,CODE,Warwick Brown,1949-12-24,Australian,dev,2024-05-29
121,brudes,999,CODE,Adolf Brudes,1899-10-15,German,dev,2024-05-29
122,brundle,999,CODE,Martin Brundle,1959-06-01,British,dev,2024-05-29
123,bruni,999,CODE,Gianmaria Bruni,1981-05-30,Italian,dev,2024-05-29
124,bryan,999,CODE,Jimmy Bryan,1926-01-28,American,dev,2024-05-29
125,bucci,999,CODE,Clemar Bucci,1920-09-04,Argentine,dev,2024-05-29
126,bucknum,999,CODE,Ronnie Bucknum,1936-04-05,American,dev,2024-05-29
127,bueb,999,CODE,Ivor Bueb,1923-06-06,British,dev,2024-05-29
128,buemi,999,CODE,Sébastien Buemi,1988-10-31,Swiss,dev,2024-05-29
129,bueno,999,CODE,Luiz Bueno,1937-01-16,Brazilian,dev,2024-05-29
130,burgess,999,CODE,Ian Burgess,1930-07-06,British,dev,2024-05-29
131,burti,999,CODE,Luciano Burti,1975-03-05,Brazilian,dev,2024-05-29
132,bussinello,999,CODE,Roberto Bussinello,1927-10-04,Italian,dev,2024-05-29
133,button,999,CODE,Jenson Button,1980-01-19,British,dev,2024-05-29
134,byrne,999,CODE,Tommy Byrne,1958-05-06,Irish,dev,2024-05-29
135,cabantous,999,CODE,Yves Cabantous,1904-10-08,French,dev,2024-05-29
136,cabianca,999,CODE,Giulio Cabianca,1923-02-19,Italian,dev,2024-05-29
137,cabral,999,CODE,Mário de Araújo Cabral,1934-01-15,Portuguese,dev,2024-05-29
138,cade,999,CODE,Phil Cade,1916-06-12,American,dev,2024-05-29
139,caffi,999,CODE,Alex Caffi,1964-03-18,Italian,dev,2024-05-29
140,campbell-jones,999,CODE,John Campbell-Jones,1930-01-21,British,dev,2024-05-29
141,campos,999,CODE,Adrián Campos,1960-06-17,Spanish,dev,2024-05-29
142,Cannoc,999,CODE,John Cannon,1933-06-21,Canadian,dev,2024-05-29
143,cantoni,999,CODE,Eitel Cantoni,1906-10-04,Uruguayan,dev,2024-05-29
144,cantrell,999,CODE,Bill Cantrell,1908-01-31,American,dev,2024-05-29
145,capelli,999,CODE,Ivan Capelli,1963-05-24,Italian,dev,2024-05-29
146,carini,999,CODE,Piero Carini,1921-03-06,Italian,dev,2024-05-29
147,darter,999,CODE,Duane Carter,1913-05-05,American,dev,2024-05-29
148,castellotti,999,CODE,Eugenio Castellotti,1930-10-10,Italian,dev,2024-05-29
149,cecotto,999,CODE,Johnny Cecotto,1956-01-25,Venezuelan,dev,2024-05-29
150,cevert,999,CODE,François Cevert,1944-02-25,French,dev,2024-05-29
151,chaboud,999,CODE,Eugène Chaboud,1907-04-12,French,dev,2024-05-29
152,chamberlain,999,CODE,Jay Chamberlain,1925-12-29,American,dev,2024-05-29
153,chandhok,999,CODE,Karun Chandhok,1984-01-19,Indian,dev,2024-05-29
154,chapman,999,CODE,Colin Chapman,1928-05-19,British,dev,2024-05-29
155,charlton,999,CODE,Dave Charlton,1936-10-27,South African,dev,2024-05-29
156,chaves,999,CODE,Pedro Chaves,1965-02-27,Portuguese,dev,2024-05-29
157,cheesbourg,999,CODE,Bill Cheesbourg,1927-06-12,American,dev,2024-05-29
158,cheever,999,CODE,Eddie Cheever,1958-01-10,American,dev,2024-05-29
159,chiesa,999,CODE,Andrea Chiesa,1964-05-06,Swiss,dev,2024-05-29
160,chilton,999,CODE,Max Chilton,1991-04-21,British,dev,2024-05-29
161,chimeri,999,CODE,Ettore Chimeri,1921-06-04,Venezuelan,dev,2024-05-29
162,chiron,999,CODE,Louis Chiron,1899-08-03,Monegasque,dev,2024-05-29
163,chitwood,999,CODE,Joie Chitwood,1912-04-14,American,dev,2024-05-29
164,christie,999,CODE,Bob Christie,1924-04-04,American,dev,2024-05-29
165,claes,999,CODE,Johnny Claes,1916-08-11,Belgian,dev,2024-05-29
166,clapham,999,CODE,David Clapham,1931-05-18,South African,dev,2024-05-29
167,clark,999,CODE,Jim Clark,1936-03-04,British,dev,2024-05-29
168,cogan,999,CODE,Kevin Cogan,1956-03-31,American,dev,2024-05-29
169,collins,999,CODE,Peter Collins,1931-11-06,British,dev,2024-05-29
170,collomb,999,CODE,Bernard Collomb,1930-10-07,French,dev,2024-05-29
171,colombo,999,CODE,Alberto Colombo,1946-02-23,Italian,dev,2024-05-29
172,comas,999,CODE,Érik Comas,1963-09-28,French,dev,2024-05-29
173,comotti,999,CODE,Franco Comotti,1906-07-24,Italian,dev,2024-05-29
174,george_connor,999,CODE,George Connor,1906-08-16,American,dev,2024-05-29
175,constantine,999,CODE,George Constantine,1918-02-22,American,dev,2024-05-29
176,cordts,999,CODE,John Cordts,1935-07-23,Canadian,dev,2024-05-29
177,coulthard,999,CODE,David Coulthard,1971-03-27,British,dev,2024-05-29
178,courage,999,CODE,Piers Courage,1942-05-27,British,dev,2024-05-29
179,craft,999,CODE,Chris Craft,1939-11-17,British,dev,2024-05-29
180,crawford,999,CODE,Jim Crawford,1948-02-13,British,dev,2024-05-29
181,ray_crawford,999,CODE,Ray Crawford,1915-10-26,American,dev,2024-05-29
182,crespo,999,CODE,Alberto Crespo,1920-01-16,Argentine,dev,2024-05-29
183,creus,999,CODE,Antonio Creus,1924-10-28,Spanish,dev,2024-05-29
184,crockett,999,CODE,Larry Crockett,1926-10-23,American,dev,2024-05-29
185,crook,999,CODE,Tony Crook,1920-02-16,British,dev,2024-05-29
186,cross,999,CODE,Art Cross,1918-01-24,American,dev,2024-05-29
187,crossley,999,CODE,Geoff Crossley,1921-05-11,British,dev,2024-05-29
188,cruz,999,CODE,Adolfo Cruz,1923-06-28,Argentine,dev,2024-05-29
189,ambrosio,999,CODE,Jérôme d'Ambrosio,1985-12-27,Belgian,dev,2024-05-29
190,orey,999,CODE,Fritz d'Orey,1938-03-25,Brazilian,dev,2024-05-29
191,matta,999,CODE,Cristiano da Matta,1973-09-19,Brazilian,dev,2024-05-29
192,ramos,999,CODE,Hernando da Silva Ramos,1925-12-07,Brazilian,dev,2024-05-29
193,daigh,999,CODE,Chuck Daigh,1923-11-29,American,dev,2024-05-29
194,dalmas,999,CODE,Yannick Dalmas,1961-07-28,French,dev,2024-05-29
195,daly,999,CODE,Derek Daly,1953-03-11,Irish,dev,2024-05-29
196,danner,999,CODE,Christian Danner,1958-04-04,German,dev,2024-05-29
197,daponte,999,CODE,Jorge Daponte,1923-06-05,Argentine,dev,2024-05-29
198,davidson,999,CODE,Anthony Davidson,1979-04-18,British,dev,2024-05-29
199,davies,999,CODE,Jimmy Davies,1929-08-08,American,dev,2024-05-29
200,davis,999,CODE,Colin Davis,1933-07-29,British,dev,2024-05-29
201,daywalt,999,CODE,Jimmy Daywalt,1924-08-28,American,dev,2024-05-29
202,adamich,999,CODE,Andrea de Adamich,1941-10-03,Italian,dev,2024-05-29
203,angelis,999,CODE,Elio de Angelis,1958-03-26,Italian,dev,2024-05-29
204,beaufort,999,CODE,Carel Godin de Beaufort,1934-04-10,Dutch,dev,2024-05-29
205,cesaris,999,CODE,Andrea de Cesaris,1959-05-31,Italian,dev,2024-05-29
206,Changy,999,CODE,Alain de Changy,1922-02-05,Belgian,dev,2024-05-29
207,dryver,999,CODE,Bernard de Dryver,1952-09-19,Belgian,dev,2024-05-29
208,filippis,999,CODE,Maria de Filippis,1926-11-11,Italian,dev,2024-05-29
209,graffenried,999,CODE,Toulo de Graffenried,1914-05-18,Swiss,dev,2024-05-29
210,klerk,999,CODE,Peter de Klerk,1935-03-16,South African,dev,2024-05-29
211,rosa,999,CODE,Pedro de la Rosa,1971-02-24,Spanish,dev,2024-05-29
212,portago,999,CODE,Alfonso de Portago,1928-10-11,Spanish,dev,2024-05-29
213,riu,999,CODE,Giovanni de Riu,1925-03-10,Italian,dev,2024-05-29
214,terra,999,CODE,Max de Terra,1918-10-06,Swiss,dev,2024-05-29
215,tomaso,999,CODE,Alessandro de Tomaso,1928-07-10,Argentine-Italian,dev,2024-05-29
216,tornaco,999,CODE,Charles de Tornaco,1927-06-07,Belgian,dev,2024-05-29
217,villota,999,CODE,Emilio de Villota,1946-07-26,Spanish,dev,2024-05-29
218,vos,999,CODE,Ernie de Vos,1941-07-01,Dutch,dev,2024-05-29
219,de_vries,999,CODE,Nyck de Vries,1995-02-06,Dutch,dev,2024-05-29
220,deletraz,999,CODE,Jean-Denis Délétraz,1963-10-01,Swiss,dev,2024-05-29
221,depailler,999,CODE,Patrick Depailler,1944-08-09,French,dev,2024-05-29
222,grassi,999,CODE,Lucas di Grassi,1984-08-11,Brazilian,dev,2024-05-29
223,resta,999,CODE,Paul di Resta,1986-04-16,British,dev,2024-05-29
224,diniz,999,CODE,Pedro Diniz,1970-05-22,Brazilian,dev,2024-05-29
225,dinsmore,999,CODE,Duke Dinsmore,1913-04-10,American,dev,2024-05-29
226,dochnal,999,CODE,Frank Dochnal,1920-10-08,American,dev,2024-05-29
227,dolhem,999,CODE,José Dolhem,1944-04-26,French,dev,2024-05-29
228,donnelly,999,CODE,Martin Donnelly,1964-03-26,British,dev,2024-05-29
229,donohue,999,CODE,Mark Donohue,1937-03-18,American,dev,2024-05-29
230,doornbos,999,CODE,Robert Doornbos,1981-09-23,Dutch,dev,2024-05-29
231,downing,999,CODE,Ken Downing,1917-12-05,British,dev,2024-05-29
232,drake,999,CODE,Bob Drake,1919-12-14,American,dev,2024-05-29
233,driver,999,CODE,Paddy Driver,1934-05-13,South African,dev,2024-05-29
234,drogo,999,CODE,Piero Drogo,1926-08-08,Italian,dev,2024-05-29
235,duke,999,CODE,Geoff Duke,1923-03-29,British,dev,2024-05-29
236,dumfries,999,CODE,Johnny Dumfries,1958-04-26,British,dev,2024-05-29
237,duncan,999,CODE,Len Duncan,1911-07-25,American,dev,2024-05-29
238,dusio,999,CODE,Piero Dusio,1899-10-13,Italian,dev,2024-05-29
239,eaton,999,CODE,George Eaton,1945-11-12,Canadian,dev,2024-05-29
240,ecclestone,999,CODE,Bernie Ecclestone,1930-10-28,British,dev,2024-05-29
241,edmunds,999,CODE,Don Edmunds,1930-09-23,American,dev,2024-05-29
242,edwards,999,CODE,Guy Edwards,1942-12-30,British,dev,2024-05-29
243,elford,999,CODE,Vic Elford,1935-06-10,British,dev,2024-05-29
244,elisian,999,CODE,Ed Elisian,1926-12-09,American,dev,2024-05-29
245,emery,999,CODE,Paul Emery,1916-11-12,British,dev,2024-05-29
246,enge,999,CODE,Tomáš Enge,1976-09-11,Czech,dev,2024-05-29
247,england,999,CODE,Paul England,1929-03-28,Australian,dev,2024-05-29
248,ericsson,999,CODE,Marcus Ericsson,1990-09-02,Swedish,dev,2024-05-29
249,ertl,999,CODE,Harald Ertl,1948-08-31,Austrian,dev,2024-05-29
250,estefano,999,CODE,Nasif Estéfano,1932-11-18,Argentine,dev,2024-05-29
251,etancelin,999,CODE,Philippe Étancelin,1896-12-28,French,dev,2024-05-29
252,evans,999,CODE,Bob Evans,1947-06-11,British,dev,2024-05-29
253,fabi,999,CODE,Teo Fabi,1955-03-09,Italian,dev,2024-05-29
254,corrado_fabi,999,CODE,Corrado Fabi,1961-04-12,Italian,dev,2024-05-29
255,fabre,999,CODE,Pascal Fabre,1960-01-09,French,dev,2024-05-29
256,facetti,999,CODE,Carlo Facetti,1935-06-26,Italian,dev,2024-05-29
257,fagioli,999,CODE,Luigi Fagioli,1898-06-09,Italian,dev,2024-05-29
258,fairman,999,CODE,Jack Fairman,1913-03-15,British,dev,2024-05-29
259,fangio,999,CODE,Juan Fangio,1911-06-24,Argentine,dev,2024-05-29
260,farina,999,CODE,Nino Farina,1906-10-30,Italian,dev,2024-05-29
261,faulkner,999,CODE,Walt Faulkner,1920-02-16,American,dev,2024-05-29
262,firman,999,CODE,Ralph Firman,1975-05-20,Irish,dev,2024-05-29
263,fischer,999,CODE,Rudi Fischer,1912-04-19,Swiss,dev,2024-05-29
264,fisher,999,CODE,Mike Fisher,1943-03-13,American,dev,2024-05-29
265,fisichella,999,CODE,Giancarlo Fisichella,1973-01-14,Italian,dev,2024-05-29
266,fitch,999,CODE,John Fitch,1917-08-04,American,dev,2024-05-29
267,pietro_fittipaldi,999,CODE,Pietro Fittipaldi,1996-06-25,Brazilian,dev,2024-05-29
268,fittipaldi,999,CODE,Christian Fittipaldi,1971-01-18,Brazilian,dev,2024-05-29
269,emerson_fittipaldi,999,CODE,Emerson Fittipaldi,1946-12-12,Brazilian,dev,2024-05-29
270,wilson_fittipaldi,999,CODE,Wilson Fittipaldi,1943-12-25,Brazilian,dev,2024-05-29
271,fitzau,999,CODE,Theo Fitzau,1923-02-10,East German,dev,2024-05-29
272,flaherty,999,CODE,Pat Flaherty,1926-01-06,American,dev,2024-05-29
273,flinterman,999,CODE,Jan Flinterman,1919-10-02,Dutch,dev,2024-05-29
274,flockhart,999,CODE,Ron Flockhart,1923-06-16,British,dev,2024-05-29
275,fohr,999,CODE,Myron Fohr,1912-06-17,American,dev,2024-05-29
276,foitek,999,CODE,Gregor Foitek,1965-03-27,Swiss,dev,2024-05-29
277,follmer,999,CODE,George Follmer,1934-01-27,American,dev,2024-05-29
278,fonder,999,CODE,George Fonder,1917-06-22,American,dev,2024-05-29
279,fontana,999,CODE,Norberto Fontana,1975-01-20,Argentine,dev,2024-05-29
280,fontes,999,CODE,Azdrubal Fontes,1922-12-26,Uruguayan,dev,2024-05-29
281,forberg,999,CODE,Carl Forberg,1911-03-04,American,dev,2024-05-29
282,force,999,CODE,Gene Force,1916-06-15,American,dev,2024-05-29
283,forini,999,CODE,Franco Forini,1958-09-22,Swiss,dev,2024-05-29
284,parker,999,CODE,Philip Fotheringham-Parker,1907-09-22,British,dev,2024-05-29
285,foyt,999,CODE,Anthony Foyt,1935-01-16,American,dev,2024-05-29
286,gimax,999,CODE,Carlo Franchi,1938-01-01,Italian,dev,2024-05-29
287,francia,999,CODE,Giorgio Francia,1947-11-08,Italian,dev,2024-05-29
288,freeland,999,CODE,Don Freeland,1925-03-25,American,dev,2024-05-29
289,frentzen,999,CODE,Heinz-Harald Frentzen,1967-05-18,German,dev,2024-05-29
290,frere,999,CODE,Paul Frère,1917-01-30,Belgian,dev,2024-05-29
291,friesacher,999,CODE,Patrick Friesacher,1980-09-26,Austrian,dev,2024-05-29
292,fry,999,CODE,Joe Fry,1915-10-26,British,dev,2024-05-29
293,fushida,999,CODE,Hiroshi Fushida,1946-03-10,Japanese,dev,2024-05-29
294,gabbiani,999,CODE,Beppe Gabbiani,1957-01-02,Italian,dev,2024-05-29
295,gachot,999,CODE,Bertrand Gachot,1962-12-23,Belgian,dev,2024-05-29
296,gaillard,999,CODE,Patrick Gaillard,1952-02-12,French,dev,2024-05-29
297,galica,999,CODE,Divina Galica,1944-08-13,British,dev,2024-05-29
298,galli,999,CODE,Nanni Galli,1940-10-02,Italian,dev,2024-05-29
299,galvez,999,CODE,Oscar Gálvez,1913-08-17,Argentine,dev,2024-05-29
300,gamble,999,CODE,Fred Gamble,1932-03-17,American,dev,2024-05-29
301,ganley,999,CODE,Howden Ganley,1941-12-24,New Zealander,dev,2024-05-29
302,gardner,999,CODE,Frank Gardner,1930-10-01,Australian,dev,2024-05-29
303,garrett,999,CODE,Billy Garrett,1933-04-24,American,dev,2024-05-29
304,gartner,999,CODE,Jo Gartner,1954-01-24,Austrian,dev,2024-05-29
305,gasly,999,CODE,Pierre Gasly,1996-02-07,French,dev,2024-05-29
306,gaze,999,CODE,Tony Gaze,1920-02-03,Australian,dev,2024-05-29
307,gendebien,999,CODE,Olivier Gendebien,1924-01-12,Belgian,dev,2024-05-29
308,gene,999,CODE,Marc Gené,1974-03-29,Spanish,dev,2024-05-29
309,george,999,CODE,Elmer George,1928-07-15,American,dev,2024-05-29
310,gerard,999,CODE,Bob Gerard,1914-01-19,British,dev,2024-05-29
311,gerini,999,CODE,Gerino Gerini,1928-08-10,Italian,dev,2024-05-29
312,gethin,999,CODE,Peter Gethin,1940-02-21,British,dev,2024-05-29
313,ghinzani,999,CODE,Piercarlo Ghinzani,1952-01-16,Italian,dev,2024-05-29
314,giacomelli,999,CODE,Bruno Giacomelli,1952-09-10,Italian,dev,2024-05-29
315,gibson,999,CODE,Dick Gibson,1918-04-16,British,dev,2024-05-29
316,ginther,999,CODE,Richie Ginther,1930-08-05,American,dev,2024-05-29
317,giovinazzi,999,CODE,Antonio Giovinazzi,1993-12-14,Italian,dev,2024-05-29
318,giunti,999,CODE,Ignazio Giunti,1941-08-30,Italian,dev,2024-05-29
319,glock,999,CODE,Timo Glock,1982-03-18,German,dev,2024-05-29
320,godia,999,CODE,Paco Godia,1921-03-21,Spanish,dev,2024-05-29
321,goethals,999,CODE,Christian Goethals,1928-08-04,Belgian,dev,2024-05-29
322,goldsmith,999,CODE,Paul Goldsmith,1925-10-02,American,dev,2024-05-29
323,gonzalez,999,CODE,José Froilán González,1922-10-05,Argentine,dev,2024-05-29
324,oscar_gonzalez,999,CODE,Óscar González,1923-11-10,Uruguayan,dev,2024-05-29
325,gordini,999,CODE,Aldo Gordini,1921-05-20,French,dev,2024-05-29
326,gould,999,CODE,Horace Gould,1918-09-20,British,dev,2024-05-29
327,gounon,999,CODE,Jean-Marc Gounon,1963-01-01,French,dev,2024-05-29
328,green,999,CODE,Cecil Green,1919-09-30,American,dev,2024-05-29
329,greene,999,CODE,Keith Greene,1938-01-05,British,dev,2024-05-29
330,gregory,999,CODE,Masten Gregory,1932-02-29,American,dev,2024-05-29
331,griffith,999,CODE,Cliff Griffith,1916-02-06,American,dev,2024-05-29
332,grignard,999,CODE,Georges Grignard,1905-07-25,French,dev,2024-05-29
333,grim,999,CODE,Bobby Grim,1924-09-04,American,dev,2024-05-29
334,grosjean,999,CODE,Romain Grosjean,1986-04-17,French,dev,2024-05-29
335,grouillard,999,CODE,Olivier Grouillard,1958-09-02,French,dev,2024-05-29
336,gubby,999,CODE,Brian Gubby,1934-04-17,British,dev,2024-05-29
337,guelfi,999,CODE,André Guelfi,1919-05-06,French,dev,2024-05-29
338,guerra,999,CODE,Miguel Ángel Guerra,1953-08-31,Argentine,dev,2024-05-29
339,guerrero,999,CODE,Roberto Guerrero,1958-11-16,Colombian,dev,2024-05-29
340,gugelmin,999,CODE,Maurício Gugelmin,1963-04-20,Brazilian,dev,2024-05-29
341,gurney,999,CODE,Dan Gurney,1931-04-13,American,dev,2024-05-29
342,gutierrez,999,CODE,Esteban Gutiérrez,1991-08-05,Mexican,dev,2024-05-29
343,hahne,999,CODE,Hubert Hahne,1935-03-28,German,dev,2024-05-29
344,hailwood,999,CODE,Mike Hailwood,1940-04-02,British,dev,2024-05-29
345,hakkinen,999,CODE,Mika Häkkinen,1968-09-28,Finnish,dev,2024-05-29
346,halford,999,CODE,Bruce Halford,1931-05-18,British,dev,2024-05-29
347,hall,999,CODE,Jim Hall,1935-07-23,American,dev,2024-05-29
348,duncan_hamilton,999,CODE,Duncan Hamilton,1920-04-30,British,dev,2024-05-29
349,hamilton,999,CODE,Lewis Hamilton,1985-01-07,British,dev,2024-05-29
350,hampshire,999,CODE,David Hampshire,1917-12-29,British,dev,2024-05-29
351,hanks,999,CODE,Sam Hanks,1914-07-13,American,dev,2024-05-29
352,hansgen,999,CODE,Walt Hansgen,1919-10-28,American,dev,2024-05-29
353,harris,999,CODE,Mike Harris,1939-05-25,South African,dev,2024-05-29
354,harrison,999,CODE,Cuth Harrison,1906-07-06,British,dev,2024-05-29
355,hart,999,CODE,Brian Hart,1936-09-07,British,dev,2024-05-29
356,hartley,999,CODE,Gene Hartley,1926-01-28,American,dev,2024-05-29
357,brendon_hartley,999,CODE,Brendon Hartley,1989-11-10,New Zealander,dev,2024-05-29
358,haryanto,999,CODE,Rio Haryanto,1993-01-22,Indonesian,dev,2024-05-29
359,hasemi,999,CODE,Masahiro Hasemi,1945-11-13,Japanese,dev,2024-05-29
360,hattori,999,CODE,Naoki Hattori,1966-06-13,Japanese,dev,2024-05-29
361,hawkins,999,CODE,Paul Hawkins,1937-10-12,Australian,dev,2024-05-29
362,hawthorn,999,CODE,Mike Hawthorn,1929-04-10,British,dev,2024-05-29
363,heeks,999,CODE,Willi Heeks,1922-02-13,German,dev,2024-05-29
364,heidfeld,999,CODE,Nick Heidfeld,1977-05-10,German,dev,2024-05-29
365,helfrich,999,CODE,Theo Helfrich,1913-05-13,German,dev,2024-05-29
366,hellings,999,CODE,Mack Hellings,1915-09-14,American,dev,2024-05-29
367,henton,999,CODE,Brian Henton,1946-09-19,British,dev,2024-05-29
368,herbert,999,CODE,Johnny Herbert,1964-06-25,British,dev,2024-05-29
369,herman,999,CODE,Al Herman,1927-03-15,American,dev,2024-05-29
370,herrmann,999,CODE,Hans Herrmann,1928-02-23,German,dev,2024-05-29
371,hesnault,999,CODE,François Hesnault,1956-12-30,French,dev,2024-05-29
372,heyer,999,CODE,Hans Heyer,1943-03-16,German,dev,2024-05-29
373,damon_hill,999,CODE,Damon Hill,1960-09-17,British,dev,2024-05-29
374,hill,999,CODE,Graham Hill,1929-02-15,British,dev,2024-05-29
375,phil_hill,999,CODE,Phil Hill,1927-04-20,American,dev,2024-05-29
376,hirt,999,CODE,Peter Hirt,1910-03-30,Swiss,dev,2024-05-29
377,hobbs,999,CODE,David Hobbs,1939-06-09,British,dev,2024-05-29
378,hocking,999,CODE,Gary Hocking,1937-09-30,Rhodesian,dev,2024-05-29
379,hoffmann,999,CODE,Ingo Hoffmann,1953-02-28,Brazilian,dev,2024-05-29
380,holland,999,CODE,Bill Holland,1907-12-18,American,dev,2024-05-29
381,holmes,999,CODE,Jackie Holmes,1920-09-04,American,dev,2024-05-29
382,homeier,999,CODE,Bill Homeier,1918-08-31,American,dev,2024-05-29
383,hoshino,999,CODE,Kazuyoshi Hoshino,1947-07-01,Japanese,dev,2024-05-29
384,hoyt,999,CODE,Jerry Hoyt,1929-01-29,American,dev,2024-05-29
385,hulkenberg,999,CODE,Nico Hülkenberg,1987-08-19,German,dev,2024-05-29
386,hulme,999,CODE,Denny Hulme,1936-06-18,New Zealander,dev,2024-05-29
387,hunt,999,CODE,James Hunt,1947-08-29,British,dev,2024-05-29
388,hurtubise,999,CODE,Jim Hurtubise,1932-12-05,American,dev,2024-05-29
389,hutchison,999,CODE,Gus Hutchison,1937-04-26,American,dev,2024-05-29
390,ickx,999,CODE,Jacky Ickx,1945-01-01,Belgian,dev,2024-05-29
391,ide,999,CODE,Yuji Ide,1975-01-21,Japanese,dev,2024-05-29
392,iglesias,999,CODE,Jesús Iglesias,1922-02-22,Argentine,dev,2024-05-29
393,inoue,999,CODE,Taki Inoue,1963-09-05,Japanese,dev,2024-05-29
394,ireland,999,CODE,Innes Ireland,1930-06-12,British,dev,2024-05-29
395,irvine,999,CODE,Eddie Irvine,1965-11-10,British,dev,2024-05-29
396,irwin,999,CODE,Chris Irwin,1942-06-27,British,dev,2024-05-29
397,jabouille,999,CODE,Jean-Pierre Jabouille,1942-10-01,French,dev,2024-05-29
398,jackson,999,CODE,Jimmy Jackson,1910-07-25,American,dev,2024-05-29
399,james,999,CODE,Joe James,1925-05-23,American,dev,2024-05-29
400,john_james,999,CODE,John James,1914-05-10,British,dev,2024-05-29
401,jarier,999,CODE,Jean-Pierre Jarier,1946-07-10,French,dev,2024-05-29
402,lehto,999,CODE,Jyrki Järvilehto,1966-01-31,Finnish,dev,2024-05-29
403,jean,999,CODE,Max Jean,1943-07-27,French,dev,2024-05-29
404,johansson,999,CODE,Stefan Johansson,1956-09-08,Swedish,dev,2024-05-29
405,johnson,999,CODE,Eddie Johnson,1919-02-10,American,dev,2024-05-29
406,leslie_johnson,999,CODE,Leslie Johnson,1912-03-22,British,dev,2024-05-29
407,johnstone,999,CODE,Bruce Johnstone,1937-01-30,South African,dev,2024-05-29
408,jones,999,CODE,Alan Jones,1946-11-02,Australian,dev,2024-05-29
409,tom_jones,999,CODE,Tom Jones,1943-04-26,American,dev,2024-05-29
410,jover,999,CODE,Juan Jover,1903-11-23,Spanish,dev,2024-05-29
411,karch,999,CODE,Oswald Karch,1917-03-06,German,dev,2024-05-29
412,karthikeyan,999,CODE,Narain Karthikeyan,1977-01-14,Indian,dev,2024-05-29
413,katayama,999,CODE,Ukyo Katayama,1963-05-29,Japanese,dev,2024-05-29
414,kavanagh,999,CODE,Ken Kavanagh,1923-12-12,Australian,dev,2024-05-29
415,keegan,999,CODE,Rupert Keegan,1955-02-26,British,dev,2024-05-29
416,keizan,999,CODE,Eddie Keizan,1944-09-12,South African,dev,2024-05-29
417,keller,999,CODE,Al Keller,1920-04-11,American,dev,2024-05-29
418,kelly,999,CODE,Joe Kelly,1913-03-13,Irish,dev,2024-05-29
419,kennedy,999,CODE,Dave Kennedy,1953-01-15,Irish,dev,2024-05-29
420,kessel,999,CODE,Loris Kessel,1950-04-01,Swiss,dev,2024-05-29
421,kessler,999,CODE,Bruce Kessler,1936-03-23,American,dev,2024-05-29
422,kiesa,999,CODE,Nicolas Kiesa,1978-03-03,Danish,dev,2024-05-29
423,kinnunen,999,CODE,Leo Kinnunen,1943-08-05,Finnish,dev,2024-05-29
424,kladis,999,CODE,Danny Kladis,1917-02-10,American,dev,2024-05-29
425,klenk,999,CODE,Hans Klenk,1919-10-28,German,dev,2024-05-29
426,klien,999,CODE,Christian Klien,1983-02-07,Austrian,dev,2024-05-29
427,kling,999,CODE,Karl Kling,1910-09-16,German,dev,2024-05-29
428,klodwig,999,CODE,Ernst Klodwig,1903-05-23,East German,dev,2024-05-29
429,kobayashi,999,CODE,Kamui Kobayashi,1986-09-13,Japanese,dev,2024-05-29
430,koinigg,999,CODE,Helmuth Koinigg,1948-11-03,Austrian,dev,2024-05-29
431,kovalainen,999,CODE,Heikki Kovalainen,1981-10-19,Finnish,dev,2024-05-29
432,kozarowitzky,999,CODE,Mikko Kozarowitzky,1948-05-17,Finnish,dev,2024-05-29
433,krause,999,CODE,Rudolf Krause,1907-03-30,East German,dev,2024-05-29
434,kubica,999,CODE,Robert Kubica,1984-12-07,Polish,dev,2024-05-29
435,kuhnke,999,CODE,Kurt Kuhnke,1910-04-30,German,dev,2024-05-29
436,kvyat,999,CODE,Daniil Kvyat,1994-04-26,Russian,dev,2024-05-29
437,la_caze,999,CODE,Robert La Caze,1917-02-26,French,dev,2024-05-29
438,laffite,999,CODE,Jacques Laffite,1943-11-21,French,dev,2024-05-29
439,lagorce,999,CODE,Franck Lagorce,1968-09-01,French,dev,2024-05-29
440,lammers,999,CODE,Jan Lammers,1956-06-02,Dutch,dev,2024-05-29
441,lamy,999,CODE,Pedro Lamy,1972-03-20,Portuguese,dev,2024-05-29
442,landi,999,CODE,Chico Landi,1907-07-14,Brazilian,dev,2024-05-29
443,lang,999,CODE,Hermann Lang,1909-04-06,German,dev,2024-05-29
444,langes,999,CODE,Claudio Langes,1960-07-20,Italian,dev,2024-05-29
445,larini,999,CODE,Nicola Larini,1964-03-19,Italian,dev,2024-05-29
446,larrauri,999,CODE,Oscar Larrauri,1954-08-19,Argentine,dev,2024-05-29
447,larreta,999,CODE,Alberto Rodriguez Larreta,1934-01-14,Argentine,dev,2024-05-29
448,larrousse,999,CODE,Gérard Larrousse,1940-05-23,French,dev,2024-05-29
449,larson,999,CODE,Jud Larson,1923-01-21,American,dev,2024-05-29
450,latifi,999,CODE,Nicholas Latifi,1995-06-29,Canadian,dev,2024-05-29
451,lauda,999,CODE,Niki Lauda,1949-02-22,Austrian,dev,2024-05-29
452,laurent,999,CODE,Roger Laurent,1913-02-21,Belgian,dev,2024-05-29
453,lavaggi,999,CODE,Giovanni Lavaggi,1958-02-18,Italian,dev,2024-05-29
454,lawrence,999,CODE,Chris Lawrence,1933-07-27,British,dev,2024-05-29
455,lawson,999,CODE,Liam Lawson,2002-02-11,New Zealander,dev,2024-05-29
456,leclerc,999,CODE,Charles Leclerc,1997-10-16,Monegasque,dev,2024-05-29
457,leclere,999,CODE,Michel Leclère,1946-03-18,French,dev,2024-05-29
458,lederle,999,CODE,Neville Lederle,1938-09-25,South African,dev,2024-05-29
459,lees,999,CODE,Geoff Lees,1951-05-01,British,dev,2024-05-29
460,legat,999,CODE,Arthur Legat,1898-11-01,Belgian,dev,2024-05-29
461,leoni,999,CODE,Lamberto Leoni,1953-05-24,Italian,dev,2024-05-29
462,leston,999,CODE,Les Leston,1920-12-16,British,dev,2024-05-29
463,levegh,999,CODE,Pierre Levegh,1905-12-22,French,dev,2024-05-29
464,levrett,999,CODE,Bayliss Levrett,1914-02-14,American,dev,2024-05-29
465,lewis,999,CODE,Jackie Lewis,1936-11-01,British,dev,2024-05-29
466,lewis-evans,999,CODE,Stuart Lewis-Evans,1930-04-20,British,dev,2024-05-29
467,ligier,999,CODE,Guy Ligier,1930-07-12,French,dev,2024-05-29
468,linden,999,CODE,Andy Linden,1922-04-05,American,dev,2024-05-29
469,lippi,999,CODE,Roberto Lippi,1926-10-17,Italian,dev,2024-05-29
470,liuzzi,999,CODE,Vitantonio Liuzzi,1980-08-06,Italian,dev,2024-05-29
471,lombardi,999,CODE,Lella Lombardi,1941-03-26,Italian,dev,2024-05-29
472,londono,999,CODE,Ricardo Londoño,1949-08-08,Colombian,dev,2024-05-29
473,loof,999,CODE,Ernst Loof,1907-07-04,German,dev,2024-05-29
474,lotterer,999,CODE,André Lotterer,1981-11-19,German,dev,2024-05-29
475,louveau,999,CODE,Henri Louveau,1910-01-25,French,dev,2024-05-29
476,love,999,CODE,John Love,1924-12-07,Rhodesian,dev,2024-05-29
477,lovely,999,CODE,Pete Lovely,1926-04-11,American,dev,2024-05-29
478,loyer,999,CODE,Roger Loyer,1907-08-05,French,dev,2024-05-29
479,lucas,999,CODE,Jean Lucas,1917-04-25,French,dev,2024-05-29
480,lucienbonnet,999,CODE,Jean Lucienbonnet,1923-01-07,French,dev,2024-05-29
481,lunger,999,CODE,Brett Lunger,1945-11-14,American,dev,2024-05-29
482,hayje,999,CODE,Boy Lunger,1949-05-03,Dutch,dev,2024-05-29
483,macdowel,999,CODE,Mike MacDowel,1932-09-13,British,dev,2024-05-29
484,mackay-fraser,999,CODE,Herbert MacKay-Fraser,1927-06-23,American,dev,2024-05-29
485,mackey,999,CODE,Bill Mackey,1927-12-15,American,dev,2024-05-29
486,macklin,999,CODE,Lance Macklin,1919-09-02,British,dev,2024-05-29
487,magee,999,CODE,Damien Magee,1945-11-17,British,dev,2024-05-29
488,maggs,999,CODE,Tony Maggs,1937-02-09,South African,dev,2024-05-29
489,magill,999,CODE,Mike Magill,1920-02-08,American,dev,2024-05-29
490,maglioli,999,CODE,Umberto Maglioli,1928-06-05,Italian,dev,2024-05-29
491,kevin_magnussen,999,CODE,Kevin Magnussen,1992-10-05,Danish,dev,2024-05-29
492,magnussen,999,CODE,Jan Magnussen,1973-07-04,Danish,dev,2024-05-29
493,mairesse,999,CODE,Willy Mairesse,1928-10-01,Belgian,dev,2024-05-29
494,guy_mairesse,999,CODE,Guy Mairesse,1910-08-10,French,dev,2024-05-29
495,maldonado,999,CODE,Pastor Maldonado,1985-03-09,Venezuelan,dev,2024-05-29
496,mansell,999,CODE,Nigel Mansell,1953-08-08,British,dev,2024-05-29
497,mantovani,999,CODE,Sergio Mantovani,1929-05-22,Italian,dev,2024-05-29
498,mantz,999,CODE,Johnny Mantz,1918-09-18,American,dev,2024-05-29
499,manzon,999,CODE,Robert Manzon,1917-04-12,French,dev,2024-05-29
500,marimon,999,CODE,Onofre Marimón,1923-12-19,Argentine,dev,2024-05-29
501,marko,999,CODE,Helmut Marko,1943-04-27,Austrian,dev,2024-05-29
502,marques,999,CODE,Tarso Marques,1976-01-19,Brazilian,dev,2024-05-29
503,marr,999,CODE,Leslie Marr,1922-08-14,British,dev,2024-05-29
504,marsh,999,CODE,Tony Marsh,1931-07-20,British,dev,2024-05-29
505,martin,999,CODE,Eugène Martin,1915-03-24,French,dev,2024-05-29
506,martini,999,CODE,Pierluigi Martini,1961-04-23,Italian,dev,2024-05-29
507,mass,999,CODE,Jochen Mass,1946-09-30,German,dev,2024-05-29
508,massa,999,CODE,Felipe Massa,1981-04-25,Brazilian,dev,2024-05-29
509,may,999,CODE,Michael May,1934-08-18,Swiss,dev,2024-05-29
510,mayer,999,CODE,Timmy Mayer,1938-02-22,American,dev,2024-05-29
511,mazepin,999,CODE,Nikita Mazepin,1999-03-02,Russian,dev,2024-05-29
512,mazet,999,CODE,François Mazet,1943-02-24,French,dev,2024-05-29
513,mazzacane,999,CODE,Gastón Mazzacane,1975-05-08,Argentine,dev,2024-05-29
514,mcalpine,999,CODE,Kenneth McAlpine,1920-09-21,British,dev,2024-05-29
515,mccarthy,999,CODE,Perry McCarthy,1961-03-03,British,dev,2024-05-29
516,mccoy,999,CODE,Ernie McCoy,1921-02-19,American,dev,2024-05-29
517,mcdowell,999,CODE,Johnny McDowell,1915-01-29,American,dev,2024-05-29
518,mcgrath,999,CODE,Jack McGrath,1919-10-08,American,dev,2024-05-29
519,mcguire,999,CODE,Brian McGuire,1945-12-13,Australian,dev,2024-05-29
520,mclaren,999,CODE,Bruce McLaren,1937-08-30,New Zealander,dev,2024-05-29
521,mcnish,999,CODE,Allan McNish,1969-12-29,British,dev,2024-05-29
522,mcrae,999,CODE,Graham McRae,1940-03-05,New Zealander,dev,2024-05-29
523,mcwithey,999,CODE,Jim McWithey,1927-07-04,American,dev,2024-05-29
524,menditeguy,999,CODE,Carlos Menditeguy,1914-08-10,Argentine,dev,2024-05-29
525,merhi,999,CODE,Roberto Merhi,1991-03-22,Spanish,dev,2024-05-29
526,merzario,999,CODE,Arturo Merzario,1943-03-11,Italian,dev,2024-05-29
527,mieres,999,CODE,Roberto Mieres,1924-12-03,Argentine,dev,2024-05-29
528,migault,999,CODE,François Migault,1944-12-04,French,dev,2024-05-29
529,miles,999,CODE,John Miles,1943-06-14,British,dev,2024-05-29
530,ken_miles,999,CODE,Ken Miles,1918-11-01,British,dev,2024-05-29
531,milhoux,999,CODE,André Milhoux,1928-12-09,Belgian,dev,2024-05-29
532,miller,999,CODE,Chet Miller,1902-07-19,American,dev,2024-05-29
533,mitter,999,CODE,Gerhard Mitter,1935-08-30,German,dev,2024-05-29
534,modena,999,CODE,Stefano Modena,1963-05-12,Italian,dev,2024-05-29
535,monarch,999,CODE,Thomas Monarch,1945-09-03,American,dev,2024-05-29
536,montagny,999,CODE,Franck Montagny,1978-01-05,French,dev,2024-05-29
537,monteiro,999,CODE,Tiago Monteiro,1976-07-24,Portuguese,dev,2024-05-29
538,montermini,999,CODE,Andrea Montermini,1964-05-30,Italian,dev,2024-05-29
539,monteverdi,999,CODE,Peter Monteverdi,1934-06-07,Swiss,dev,2024-05-29
540,charrington,999,CODE,Robin Montgomerie-Charrington,1915-06-23,British,dev,2024-05-29
541,morbidelli,999,CODE,Gianni Morbidelli,1968-01-13,Italian,dev,2024-05-29
542,moreno,999,CODE,Roberto Moreno,1959-02-11,Brazilian,dev,2024-05-29
543,morgan,999,CODE,Dave Morgan,1944-08-07,British,dev,2024-05-29
544,moser,999,CODE,Silvio Moser,1941-04-24,Swiss,dev,2024-05-29
545,moss,999,CODE,Stirling Moss,1929-09-17,British,dev,2024-05-29
546,bill_moss,999,CODE,Bill Moss,1933-09-04,British,dev,2024-05-29
547,munaron,999,CODE,Gino Munaron,1928-04-02,Italian,dev,2024-05-29
548,murray,999,CODE,David Murray,1909-12-28,British,dev,2024-05-29
549,musso,999,CODE,Luigi Musso,1924-07-28,Italian,dev,2024-05-29
550,nakajima,999,CODE,Kazuki Nakajima,1985-01-11,Japanese,dev,2024-05-29
551,satoru_nakajima,999,CODE,Satoru Nakajima,1953-02-23,Japanese,dev,2024-05-29
552,nakano,999,CODE,Shinji Nakano,1971-04-01,Japanese,dev,2024-05-29
553,nalon,999,CODE,Duke Nalon,1913-03-02,American,dev,2024-05-29
554,nannini,999,CODE,Alessandro Nannini,1959-07-07,Italian,dev,2024-05-29
555,naspetti,999,CODE,Emanuele Naspetti,1968-02-24,Italian,dev,2024-05-29
556,nasr,999,CODE,Felipe Nasr,1992-08-21,Brazilian,dev,2024-05-29
557,natili,999,CODE,Massimo Natili,1935-07-28,Italian,dev,2024-05-29
558,naylor,999,CODE,Brian Naylor,1923-03-24,British,dev,2024-05-29
559,nazaruk,999,CODE,Mike Nazaruk,1921-10-02,American,dev,2024-05-29
560,needell,999,CODE,Tiff Needell,1951-10-29,British,dev,2024-05-29
561,nelleman,999,CODE,Jac Nelleman,1944-04-19,Danish,dev,2024-05-29
562,neve,999,CODE,Patrick Nève,1949-10-13,Belgian,dev,2024-05-29
563,nicholson,999,CODE,John Nicholson,1941-10-06,New Zealander,dev,2024-05-29
564,niday,999,CODE,Cal Niday,1914-04-29,American,dev,2024-05-29
565,niedermayr,999,CODE,Helmut Niedermayr,1915-11-29,German,dev,2024-05-29
566,niemann,999,CODE,Brausch Niemann,1939-01-07,South African,dev,2024-05-29
567,nilsson,999,CODE,Gunnar Nilsson,1948-11-20,Swedish,dev,2024-05-29
568,noda,999,CODE,Hideki Noda,1969-03-07,Japanese,dev,2024-05-29
569,norris,999,CODE,Lando Norris,1999-11-13,British,dev,2024-05-29
570,nuckey,999,CODE,Rodney Nuckey,1929-06-26,British,dev,2024-05-29
571,obrien,999,CODE,Robert O'Brien,1908-04-11,American,dev,2024-05-29
572,connor,999,CODE,Pat O'Connor,1928-10-09,American,dev,2024-05-29
573,ocon,999,CODE,Esteban Ocon,1996-09-17,French,dev,2024-05-29
574,oliver,999,CODE,Jackie Oliver,1942-08-14,British,dev,2024-05-29
575,ongais,999,CODE,Danny Ongais,1942-05-21,American,dev,2024-05-29
576,owen,999,CODE,Arthur Owen,1915-03-23,British,dev,2024-05-29
577,montoya,999,CODE,Juan Pablo Montoya,1975-09-20,Colombian,dev,2024-05-29
578,pace,999,CODE,Carlos Pace,1944-10-06,Brazilian,dev,2024-05-29
579,pagani,999,CODE,Nello Pagani,1911-10-11,Italian,dev,2024-05-29
580,paletti,999,CODE,Riccardo Paletti,1958-06-15,Italian,dev,2024-05-29
581,palm,999,CODE,Torsten Palm,1947-07-23,Swedish,dev,2024-05-29
582,palmer,999,CODE,Jonathan Palmer,1956-11-07,British,dev,2024-05-29
583,jolyon_palmer,999,CODE,Jolyon Palmer,1991-01-20,British,dev,2024-05-29
584,panis,999,CODE,Olivier Panis,1966-09-02,French,dev,2024-05-29
585,pantano,999,CODE,Giorgio Pantano,1979-02-04,Italian,dev,2024-05-29
586,papis,999,CODE,Massimiliano Papis,1969-10-03,Italian,dev,2024-05-29
587,parkes,999,CODE,Mike Parkes,1931-09-24,British,dev,2024-05-29
588,parnell,999,CODE,Tim Parnell,1932-06-25,British,dev,2024-05-29
589,reg_parnell,999,CODE,Reg Parnell,1911-07-02,British,dev,2024-05-29
590,parsons,999,CODE,Johnnie Parsons,1918-07-04,American,dev,2024-05-29
591,patrese,999,CODE,Riccardo Patrese,1954-04-17,Italian,dev,2024-05-29
592,pease,999,CODE,Al Pease,1921-10-15,Canadian,dev,2024-05-29
593,penske,999,CODE,Roger Penske,1937-02-20,American,dev,2024-05-29
594,perdisa,999,CODE,Cesare Perdisa,1932-10-21,Italian,dev,2024-05-29
595,perez,999,CODE,Sergio Pérez,1990-01-26,Mexican,dev,2024-05-29
596,sala,999,CODE,Luis Pérez-Sala,1959-05-15,Spanish,dev,2024-05-29
597,perkins,999,CODE,Larry Perkins,1950-03-18,Australian,dev,2024-05-29
598,pescarolo,999,CODE,Henri Pescarolo,1942-09-25,French,dev,2024-05-29
599,pesenti_rossi,999,CODE,Alessandro Pesenti-Rossi,1942-08-31,Italian,dev,2024-05-29
600,peters,999,CODE,Josef Peters,1914-09-16,German,dev,2024-05-29
601,peterson,999,CODE,Ronnie Peterson,1944-02-14,Swedish,dev,2024-05-29
602,petrov,999,CODE,Vitaly Petrov,1984-09-08,Russian,dev,2024-05-29
603,pian,999,CODE,Alfredo Pián,1912-10-21,Argentine,dev,2024-05-29
604,piastri,999,CODE,Oscar Piastri,2001-04-06,Australian,dev,2024-05-29
605,pic,999,CODE,Charles Pic,1990-02-15,French,dev,2024-05-29
606,picard,999,CODE,François Picard,1921-04-26,French,dev,2024-05-29
607,pieterse,999,CODE,Ernie Pieterse,1938-07-04,South African,dev,2024-05-29
608,pietsch,999,CODE,Paul Pietsch,1911-06-20,German,dev,2024-05-29
609,andre_pilette,999,CODE,André Pilette,1918-10-06,Belgian,dev,2024-05-29
610,pilette,999,CODE,Teddy Pilette,1942-07-26,Belgian,dev,2024-05-29
611,piotti,999,CODE,Luigi Piotti,1913-10-27,Italian,dev,2024-05-29
612,piper,999,CODE,David Piper,1930-12-02,British,dev,2024-05-29
613,piquet,999,CODE,Nelson Piquet,1952-08-17,Brazilian,dev,2024-05-29
614,piquet_jr,999,CODE,Nelson Piquet Jr.,1985-07-25,Brazilian,dev,2024-05-29
615,pirocchi,999,CODE,Renato Pirocchi,1933-03-26,Italian,dev,2024-05-29
616,pironi,999,CODE,Didier Pironi,1952-03-26,French,dev,2024-05-29
617,pirro,999,CODE,Emanuele Pirro,1962-01-12,Italian,dev,2024-05-29
618,pizzonia,999,CODE,Antônio Pizzonia,1980-09-11,Brazilian,dev,2024-05-29
619,pollet,999,CODE,Jacques Pollet,1922-07-02,French,dev,2024-05-29
620,pon,999,CODE,Ben Pon,1936-12-09,Dutch,dev,2024-05-29
621,poore,999,CODE,Dennis Poore,1916-08-19,British,dev,2024-05-29
622,posey,999,CODE,Sam Posey,1944-05-26,American,dev,2024-05-29
623,pozzi,999,CODE,Charles Pozzi,1909-08-27,French,dev,2024-05-29
624,pretorius,999,CODE,Jackie Pretorius,1934-11-22,South African,dev,2024-05-29
625,prinoth,999,CODE,Ernesto Prinoth,1923-04-15,Italian,dev,2024-05-29
626,prophet,999,CODE,David Prophet,1937-10-09,British,dev,2024-05-29
627,prost,999,CODE,Alain Prost,1955-02-24,French,dev,2024-05-29
628,pryce,999,CODE,Tom Pryce,1949-06-11,British,dev,2024-05-29
629,purley,999,CODE,David Purley,1945-01-26,British,dev,2024-05-29
630,puzey,999,CODE,Clive Puzey,1941-07-11,Rhodesian,dev,2024-05-29
631,quester,999,CODE,Dieter Quester,1939-05-30,Austrian,dev,2024-05-29
632,raby,999,CODE,Ian Raby,1921-09-22,British,dev,2024-05-29
633,rahal,999,CODE,Bobby Rahal,1953-01-10,American,dev,2024-05-29
634,raikkonen,999,CODE,Kimi Räikkönen,1979-10-17,Finnish,dev,2024-05-29
635,raphanel,999,CODE,Pierre-Henri Raphanel,1961-05-27,French,dev,2024-05-29
636,rathmann,999,CODE,Jim Rathmann,1928-07-16,American,dev,2024-05-29
637,dick_rathmann,999,CODE,Dick Rathmann,1924-01-06,American,dev,2024-05-29
638,ratzenberger,999,CODE,Roland Ratzenberger,1960-07-04,Austrian,dev,2024-05-29
639,rebaque,999,CODE,Hector Rebaque,1956-02-05,Mexican,dev,2024-05-29
640,redman,999,CODE,Brian Redman,1937-03-09,British,dev,2024-05-29
641,reece,999,CODE,Jimmy Reece,1929-11-17,American,dev,2024-05-29
642,reed,999,CODE,Ray Reed,1932-04-30,South African,dev,2024-05-29
643,rees,999,CODE,Alan Rees,1938-01-12,British,dev,2024-05-29
644,regazzoni,999,CODE,Clay Regazzoni,1939-09-05,Swiss,dev,2024-05-29
645,reutemann,999,CODE,Carlos Reutemann,1942-04-12,Argentine,dev,2024-05-29
646,reventlow,999,CODE,Lance Reventlow,1936-02-24,American,dev,2024-05-29
647,revson,999,CODE,Peter Revson,1939-02-27,American,dev,2024-05-29
648,rhodes,999,CODE,John Rhodes,1927-08-18,British,dev,2024-05-29
649,ribeiro,999,CODE,Alex Ribeiro,1948-11-07,Brazilian,dev,2024-05-29
650,ricciardo,999,CODE,Daniel Ricciardo,1989-07-01,Australian,dev,2024-05-29
651,richardson,999,CODE,Ken Richardson,1911-08-21,British,dev,2024-05-29
652,riess,999,CODE,Fritz Riess,1922-07-11,German,dev,2024-05-29
653,rigsby,999,CODE,Jim Rigsby,1923-06-06,American,dev,2024-05-29
654,rindt,999,CODE,Jochen Rindt,1942-04-18,Austrian,dev,2024-05-29
655,riseley_prichard,999,CODE,John Riseley-Prichard,1924-01-17,British,dev,2024-05-29
656,robarts,999,CODE,Richard Robarts,1944-09-22,British,dev,2024-05-29
657,rodriguez,999,CODE,Pedro Rodríguez,1940-01-18,Mexican,dev,2024-05-29
658,ricardo_rodriguez,999,CODE,Ricardo Rodríguez,1942-02-14,Mexican,dev,2024-05-29
659,rol,999,CODE,Franco Rol,1908-06-05,Italian,dev,2024-05-29
660,rollinson,999,CODE,Alan Rollinson,1943-05-15,British,dev,2024-05-29
661,rolt,999,CODE,Tony Rolt,1918-10-16,British,dev,2024-05-29
662,roos,999,CODE,Bertil Roos,1943-10-12,Swedish,dev,2024-05-29
663,rosberg,999,CODE,Nico Rosberg,1985-06-27,German,dev,2024-05-29
664,keke_rosberg,999,CODE,Keke Rosberg,1948-12-06,Finnish,dev,2024-05-29
665,rose,999,CODE,Mauri Rose,1906-05-26,American,dev,2024-05-29
666,rosier,999,CODE,Louis Rosier,1905-11-05,French,dev,2024-05-29
667,rosset,999,CODE,Ricardo Rosset,1968-07-27,Brazilian,dev,2024-05-29
668,rossi,999,CODE,Alexander Rossi,1991-09-25,American,dev,2024-05-29
669,rothengatter,999,CODE,Huub Rothengatter,1954-10-08,Dutch,dev,2024-05-29
670,ruby,999,CODE,Lloyd Ruby,1928-01-12,American,dev,2024-05-29
671,russell,999,CODE,George Russell,1998-02-15,British,dev,2024-05-29
672,russo,999,CODE,Eddie Russo,1925-11-19,American,dev,2024-05-29
673,paul_russo,999,CODE,Paul Russo,1914-04-10,American,dev,2024-05-29
674,geki,999,CODE,Giacomo Russo,1937-10-23,Italian,dev,2024-05-29
675,ruttman,999,CODE,Troy Ruttman,1930-03-11,American,dev,2024-05-29
676,ryan,999,CODE,Peter Ryan,1940-06-10,Canadian,dev,2024-05-29
677,sachs,999,CODE,Eddie Sachs,1927-05-28,American,dev,2024-05-29
678,said,999,CODE,Bob Said,1932-05-05,American,dev,2024-05-29
679,sainz,999,CODE,Carlos Sainz,1994-09-01,Spanish,dev,2024-05-29
680,salazar,999,CODE,Eliseo Salazar,1954-11-14,Chilean,dev,2024-05-29
681,salo,999,CODE,Mika Salo,1966-11-30,Finnish,dev,2024-05-29
682,salvadori,999,CODE,Roy Salvadori,1922-05-12,British,dev,2024-05-29
683,sanesi,999,CODE,Consalvo Sanesi,1911-03-28,Italian,dev,2024-05-29
684,sargeant,999,CODE,Logan Sargeant,2000-12-31,American,dev,2024-05-29
685,sarrazin,999,CODE,Stéphane Sarrazin,1975-11-02,French,dev,2024-05-29
686,sato,999,CODE,Takuma Sato,1977-01-28,Japanese,dev,2024-05-29
687,scarborough,999,CODE,Carl Scarborough,1914-07-03,American,dev,2024-05-29
688,scarfiotti,999,CODE,Ludovico Scarfiotti,1933-10-18,Italian,dev,2024-05-29
689,scarlatti,999,CODE,Giorgio Scarlatti,1921-10-02,Italian,dev,2024-05-29
690,scheckter,999,CODE,Jody Scheckter,1950-01-29,South African,dev,2024-05-29
691,ian_scheckter,999,CODE,Ian Scheckter,1947-08-22,South African,dev,2024-05-29
692,schell,999,CODE,Harry Schell,1921-06-29,American,dev,2024-05-29
693,schenken,999,CODE,Tim Schenken,1943-09-26,Australian,dev,2024-05-29
694,scherrer,999,CODE,Albert Scherrer,1908-02-28,Swiss,dev,2024-05-29
695,schiattarella,999,CODE,Domenico Schiattarella,1967-11-17,Italian,dev,2024-05-29
696,schiller,999,CODE,Heinz Schiller,1930-01-25,Swiss,dev,2024-05-29
697,schindler,999,CODE,Bill Schindler,1909-03-06,American,dev,2024-05-29
698,schlesser,999,CODE,Jean-Louis Schlesser,1948-09-12,French,dev,2024-05-29
699,jo_schlesser,999,CODE,Jo Schlesser,1928-05-18,French,dev,2024-05-29
700,schneider,999,CODE,Bernd Schneider,1964-07-20,German,dev,2024-05-29
701,schoeller,999,CODE,Rudolf Schoeller,1902-04-27,Swiss,dev,2024-05-29
702,schroeder,999,CODE,Rob Schroeder,1926-05-11,British,dev,2024-05-29
703,mick_schumacher,999,CODE,Mick Schumacher,1999-03-22,German,dev,2024-05-29
704,ralf_schumacher,999,CODE,Ralf Schumacher,1975-06-30,German,dev,2024-05-29
705,michael_schumacher,999,CODE,Michael Schumacher,1969-01-03,German,dev,2024-05-29
706,schuppan,999,CODE,Vern Schuppan,1943-03-19,Australian,dev,2024-05-29
707,bob_scott,999,CODE,Bob Scott,1928-10-04,American,dev,2024-05-29
708,scott_Brown,999,CODE,Archie Scott Brown,1927-05-13,British,dev,2024-05-29
709,scotti,999,CODE,Piero Scotti,1909-11-11,Italian,dev,2024-05-29
710,seidel,999,CODE,Wolfgang Seidel,1926-07-04,German,dev,2024-05-29
711,seiffert,999,CODE,Günther Seiffert,1937-10-18,German,dev,2024-05-29
712,bruno_senna,999,CODE,Bruno Senna,1983-10-15,Brazilian,dev,2024-05-29
713,senna,999,CODE,Ayrton Senna,1960-03-21,Brazilian,dev,2024-05-29
714,serafini,999,CODE,Dorino Serafini,1909-07-22,Italian,dev,2024-05-29
715,serra,999,CODE,Chico Serra,1957-02-03,Brazilian,dev,2024-05-29
716,serrurier,999,CODE,Doug Serrurier,1920-12-09,South African,dev,2024-05-29
717,gavin,999,CODE,Johnny Servoz-Gavin,1942-01-18,French,dev,2024-05-29
718,settember,999,CODE,Tony Settember,1926-07-10,American,dev,2024-05-29
719,sharp,999,CODE,Hap Sharp,1928-01-01,American,dev,2024-05-29
720,shawe_taylor,999,CODE,Brian Shawe Taylor,1915-01-28,British,dev,2024-05-29
721,shelby,999,CODE,Carroll Shelby,1923-01-11,American,dev,2024-05-29
722,shelly,999,CODE,Tony Shelly,1937-02-02,New Zealander,dev,2024-05-29
723,siffert,999,CODE,Jo Siffert,1936-07-07,Swiss,dev,2024-05-29
724,simon,999,CODE,André Simon,1920-01-05,French,dev,2024-05-29
725,sirotkin,999,CODE,Sergey Sirotkin,1995-08-27,Russian,dev,2024-05-29
726,slotemaker,999,CODE,Rob Slotemaker,1929-06-13,Dutch,dev,2024-05-29
727,solana,999,CODE,Moisés Solana,1935-12-26,Mexican,dev,2024-05-29
728,roig,999,CODE,Alex Soler-Roig,1932-10-29,Spanish,dev,2024-05-29
729,sommer,999,CODE,Raymond Sommer,1906-08-31,French,dev,2024-05-29
730,sospiri,999,CODE,Vincenzo Sospiri,1966-10-07,Italian,dev,2024-05-29
731,south,999,CODE,Stephen South,1952-02-19,British,dev,2024-05-29
732,sparken,999,CODE,Mike Sparken,1930-06-16,French,dev,2024-05-29
733,speed,999,CODE,Scott Speed,1983-01-24,American,dev,2024-05-29
734,spence,999,CODE,Mike Spence,1936-12-30,British,dev,2024-05-29
735,stacey,999,CODE,Alan Stacey,1933-08-29,British,dev,2024-05-29
736,starrabba,999,CODE,Gaetano Starrabba,1932-12-03,Italian,dev,2024-05-29
737,stevens,999,CODE,Will Stevens,1991-06-28,British,dev,2024-05-29
738,stevenson,999,CODE,Chuck Stevenson,1919-10-15,American,dev,2024-05-29
739,jimmy_stewart,999,CODE,Jimmy Stewart,1931-03-06,British,dev,2024-05-29
740,ian_stewart,999,CODE,Ian Stewart,1929-07-15,British,dev,2024-05-29
741,stewart,999,CODE,Jackie Stewart,1939-06-11,British,dev,2024-05-29
742,stohr,999,CODE,Siegfried Stohr,1952-10-10,Italian,dev,2024-05-29
743,stommelen,999,CODE,Rolf Stommelen,1943-07-11,German,dev,2024-05-29
744,streiff,999,CODE,Philippe Streiff,1955-06-26,French,dev,2024-05-29
745,stroll,999,CODE,Lance Stroll,1998-10-29,Canadian,dev,2024-05-29
746,stuck,999,CODE,Hans-Joachim Stuck,1951-01-01,German,dev,2024-05-29
747,stuppacher,999,CODE,Otto Stuppacher,1947-03-03,Austrian,dev,2024-05-29
748,sullivan,999,CODE,Danny Sullivan,1950-03-09,American,dev,2024-05-29
749,surer,999,CODE,Marc Surer,1951-09-18,Swiss,dev,2024-05-29
750,surtees,999,CODE,John Surtees,1934-02-11,British,dev,2024-05-29
751,sutcliffe,999,CODE,Andy Sutcliffe,1947-05-09,British,dev,2024-05-29
752,sutil,999,CODE,Adrian Sutil,1983-01-11,German,dev,2024-05-29
753,sutton,999,CODE,Len Sutton,1925-08-09,American,dev,2024-05-29
754,suzuki,999,CODE,Aguri Suzuki,1960-09-08,Japanese,dev,2024-05-29
755,toshio_suzuki,999,CODE,Toshio Suzuki,1955-03-10,Japanese,dev,2024-05-29
756,swaters,999,CODE,Jacques Swaters,1926-10-30,American,dev,2024-05-29
757,sweikert,999,CODE,Bob Sweikert,1926-05-20,American,dev,2024-05-29
758,takagi,999,CODE,Toranosuke Takagi,1974-02-12,Japanese,dev,2024-05-29
759,takahara,999,CODE,Noritake Takahara,1951-06-06,Japanese,dev,2024-05-29
760,takahashi,999,CODE,Kunimitsu Takahashi,1940-01-29,Japanese,dev,2024-05-29
761,tambay,999,CODE,Patrick Tambay,1949-06-25,French,dev,2024-05-29
762,taramazzo,999,CODE,Luigi Taramazzo,1932-05-05,Italian,dev,2024-05-29
763,tarquini,999,CODE,Gabriele Tarquini,1962-03-02,Italian,dev,2024-05-29
764,taruffi,999,CODE,Piero Taruffi,1906-10-12,Italian,dev,2024-05-29
765,henry_taylor,999,CODE,Henry Taylor,1932-12-16,British,dev,2024-05-29
766,mike_taylor,999,CODE,Mike Taylor,1934-04-24,British,dev,2024-05-29
767,dennis_taylor,999,CODE,Dennis Taylor,1921-06-12,British,dev,2024-05-29
768,taylor,999,CODE,John Taylor,1933-03-23,British,dev,2024-05-29
769,trevor_taylor,999,CODE,Trevor Taylor,1936-12-26,British,dev,2024-05-29
770,teague,999,CODE,Marshall Teague,1921-02-22,American,dev,2024-05-29
771,templeman,999,CODE,Shorty Templeman,1919-08-12,American,dev,2024-05-29
772,testut,999,CODE,André Testut,1926-04-13,Monegasque,dev,2024-05-29
773,thackwell,999,CODE,Mike Thackwell,1961-03-30,New Zealander,dev,2024-05-29
774,thiele,999,CODE,Alfonso Thiele,1920-04-05,American-Italian,dev,2024-05-29
775,thompson,999,CODE,Eric Thompson,1919-11-04,British,dev,2024-05-29
776,thomson,999,CODE,Johnny Thomson,1922-04-09,American,dev,2024-05-29
777,thorne,999,CODE,Leslie Thorne,1916-06-23,British,dev,2024-05-29
778,tingelstad,999,CODE,Bud Tingelstad,1928-04-04,American,dev,2024-05-29
779,tingle,999,CODE,Sam Tingle,1921-08-24,Rhodesian,dev,2024-05-29
780,titterington,999,CODE,Desmond Titterington,1928-05-01,British,dev,2024-05-29
781,tolan,999,CODE,Johnnie Tolan,1917-10-22,American,dev,2024-05-29
782,trimmer,999,CODE,Tony Trimmer,1943-01-24,British,dev,2024-05-29
783,trintignant,999,CODE,Maurice Trintignant,1917-10-30,French,dev,2024-05-29
784,trulli,999,CODE,Jarno Trulli,1974-07-13,Italian,dev,2024-05-29
785,tsunoda,999,CODE,Yuki Tsunoda,2000-05-11,Japanese,dev,2024-05-29
786,tuero,999,CODE,Esteban Tuero,1978-04-22,Argentine,dev,2024-05-29
787,tunmer,999,CODE,Guy Tunmer,1948-12-01,South African,dev,2024-05-29
788,turner,999,CODE,Jack Turner,1920-02-12,American,dev,2024-05-29
789,ulmen,999,CODE,Toni Ulmen,1906-01-25,German,dev,2024-05-29
790,jerry_unser,999,CODE,Jerry Unser,1932-11-15,American,dev,2024-05-29
791,unser,999,CODE,Bobby Unser,1934-02-20,American,dev,2024-05-29
792,uria,999,CODE,Alberto Uria,1924-07-11,Uruguayan,dev,2024-05-29
793,vaccarella,999,CODE,Nino Vaccarella,1933-03-04,Italian,dev,2024-05-29
794,poele,999,CODE,Eric van de Poele,1961-09-30,Belgian,dev,2024-05-29
795,garde,999,CODE,Giedo van der Garde,1985-04-25,Dutch,dev,2024-05-29
796,lof,999,CODE,Dries van der Lof,1919-08-23,Dutch,dev,2024-05-29
797,vyver,999,CODE,Syd van der Vyver,1920-06-01,South African,dev,2024-05-29
798,lennep,999,CODE,Gijs van Lennep,1942-03-16,Dutch,dev,2024-05-29
799,rooyen,999,CODE,Basil van Rooyen,1939-04-19,South African,dev,2024-05-29
800,vandoorne,999,CODE,Stoffel Vandoorne,1992-03-26,Belgian,dev,2024-05-29
801,veith,999,CODE,Bob Veith,1926-11-01,American,dev,2024-05-29
802,vergne,999,CODE,Jean-Éric Vergne,1990-04-25,French,dev,2024-05-29
803,max_verstappen,999,CODE,Max Verstappen,1997-09-30,Dutch,dev,2024-05-29
804,verstappen,999,CODE,Jos Verstappen,1972-03-04,Dutch,dev,2024-05-29
805,vettel,999,CODE,Sebastian Vettel,1987-07-03,German,dev,2024-05-29
806,villeneuve,999,CODE,Jacques Villeneuve,1971-04-09,Canadian,dev,2024-05-29
807,gilles_villeneuve,999,CODE,Gilles Villeneuve,1950-01-18,Canadian,dev,2024-05-29
808,villeneuve_sr,999,CODE,Jacques Villeneuve Sr.,1953-11-04,Canadian,dev,2024-05-29
809,villoresi,999,CODE,Luigi Villoresi,1909-05-16,Italian,dev,2024-05-29
810,volonterio,999,CODE,Ottorino Volonterio,1917-12-07,Swiss,dev,2024-05-29
811,opel,999,CODE,Rikky von Opel,1947-10-14,Liechtensteiner,dev,2024-05-29
812,hans_stuck,999,CODE,Hans von Stuck,1900-12-27,German,dev,2024-05-29
813,trips,999,CODE,Wolfgang von Trips,1928-05-04,German,dev,2024-05-29
814,vonlanthen,999,CODE,Jo Vonlanthen,1942-05-31,Swiss,dev,2024-05-29
815,vukovich,999,CODE,Bill Vukovich,1918-12-13,American,dev,2024-05-29
816,wacker,999,CODE,Fred Wacker,1918-07-10,American,dev,2024-05-29
817,peter_walker,999,CODE,Peter Walker,1912-10-07,British,dev,2024-05-29
818,walker,999,CODE,David Walker,1941-06-10,Australian,dev,2024-05-29
819,wallard,999,CODE,Lee Wallard,1910-09-07,American,dev,2024-05-29
820,walter,999,CODE,Heini Walter,1927-07-28,Swiss,dev,2024-05-29
821,ward,999,CODE,Rodger Ward,1921-01-10,American,dev,2024-05-29
822,warwick,999,CODE,Derek Warwick,1954-08-27,British,dev,2024-05-29
823,watson,999,CODE,John Watson,1946-05-04,British,dev,2024-05-29
824,webb,999,CODE,Travis Webb,1910-10-08,American,dev,2024-05-29
825,webber,999,CODE,Mark Webber,1976-08-27,Australian,dev,2024-05-29
826,wehrlein,999,CODE,Pascal Wehrlein,1994-10-18,German,dev,2024-05-29
827,weidler,999,CODE,Volker Weidler,1962-03-18,German,dev,2024-05-29
828,weiler,999,CODE,Wayne Weiler,1934-12-09,American,dev,2024-05-29
829,wendlinger,999,CODE,Karl Wendlinger,1968-12-20,Austrian,dev,2024-05-29
830,westbury,999,CODE,Peter Westbury,1938-05-26,British,dev,2024-05-29
831,weyant,999,CODE,Chuck Weyant,1923-04-03,American,dev,2024-05-29
832,wharton,999,CODE,Ken Wharton,1916-03-21,British,dev,2024-05-29
833,whiteaway,999,CODE,Ted Whiteaway,1928-11-01,British,dev,2024-05-29
834,whitehead,999,CODE,Peter Whitehead,1914-11-12,British,dev,2024-05-29
835,graham_whitehead,999,CODE,Graham Whitehead,1922-04-15,British,dev,2024-05-29
836,whitehouse,999,CODE,Bill Whitehouse,1909-04-01,British,dev,2024-05-29
837,widdows,999,CODE,Robin Widdows,1942-05-27,British,dev,2024-05-29
838,wietzes,999,CODE,Eppie Wietzes,1938-05-28,Canadian,dev,2024-05-29
839,wilds,999,CODE,Mike Wilds,1946-01-07,British,dev,2024-05-29
840,williams,999,CODE,Jonathan Williams,1942-10-26,British,dev,2024-05-29
841,williamson,999,CODE,Roger Williamson,1948-02-02,British,dev,2024-05-29
842,wilson,999,CODE,Justin Wilson,1978-07-31,British,dev,2024-05-29
843,desire_wilson,999,CODE,Desiré Wilson,1953-11-26,South African,dev,2024-05-29
844,vic_wilson,999,CODE,Vic Wilson,1931-04-14,British,dev,2024-05-29
845,dempsey_wilson,999,CODE,Dempsey Wilson,1927-03-11,American,dev,2024-05-29
846,markus_winkelhock,999,CODE,Markus Winkelhock,1980-06-13,German,dev,2024-05-29
847,joachim_winkelhock,999,CODE,Joachim Winkelhock,1960-10-24,German,dev,2024-05-29
848,manfred_winkelhock,999,CODE,Manfred Winkelhock,1951-10-06,German,dev,2024-05-29
849,wisell,999,CODE,Reine Wisell,1941-09-30,Swedish,dev,2024-05-29
850,wunderink,999,CODE,Roelof Wunderink,1948-12-12,Dutch,dev,2024-05-29
851,wurz,999,CODE,Alexander Wurz,1974-02-15,Austrian,dev,2024-05-29
852,yamamoto,999,CODE,Sakon Yamamoto,1982-07-09,Japanese,dev,2024-05-29
853,yoong,999,CODE,Alex Yoong,1976-07-20,Malaysian,dev,2024-05-29
854,zanardi,999,CODE,Alessandro Zanardi,1966-10-23,Italian,dev,2024-05-29
855,zapico,999,CODE,Emilio Zapico,1944-05-27,Spanish,dev,2024-05-29
856,zhou,999,CODE,Guanyu Zhou,1999-05-30,Chinese,dev,2024-05-29
857,zonta,999,CODE,Ricardo Zonta,1976-03-23,Brazilian,dev,2024-05-29
858,zorzi,999,CODE,Renzo Zorzi,1946-12-12,Italian,dev,2024-05-29
859,zunino,999,CODE,Ricardo Zunino,1949-04-13,Argentine,dev,2024-05-29
